Workbook

Sheet Dashboard
A1: Betting Dashboard — World Cup 2026
A2: =TEXT(TODAY(),"dd mmm yyyy") -> 15 Jun 2026
A4: My betting (manual log)
A5: Balance | B5: ='My Bets'!$H$1+SUM('My Bets'!$H$4:$H$297)-SUMIFS('My Bets'!$E$4:$E$297,'My Bets'!$F$4:$F$297,"open") -> 46.4642
A6: Open stakes at risk | B6: =SUMIFS('My Bets'!$E$4:$E$297,'My Bets'!$F$4:$F$297,"open") -> 11.84
A7: Settled bets | B7: =COUNTIF('My Bets'!$F$4:$F$297,"won")+COUNTIF('My Bets'!$F$4:$F$297,"lost")+COUNTIF('My Bets'!$F$4:$F$297,"void") -> 14
A8: Strike rate (won / settled) | B8: =IF(COUNTIF('My Bets'!$F$4:$F$297,"won")+COUNTIF('My Bets'!$F$4:$F$297,"lost")=0,0,COUNTIF('My Bets'!$F$4:$F$297,"won")/(COUNTIF('My Bets'!$F$4:$F$297,"won")+COUNTIF('My Bets'!$F$4:$F$297,"lost"))) -> 0.42857143
A9: Total staked (settled) | B9: =SUMIFS('My Bets'!$E$4:$E$297,'My Bets'!$F$4:$F$297,"won")+SUMIFS('My Bets'!$E$4:$E$297,'My Bets'!$F$4:$F$297,"lost") -> 46.92
A10: P&L | B10: =SUM('My Bets'!$H$4:$H$297) -> 17.3042
A11: ROI on settled stakes | B11: =IF(SUMIFS('My Bets'!$E$4:$E$297,'My Bets'!$F$4:$F$297,"won")+SUMIFS('My Bets'!$E$4:$E$297,'My Bets'!$F$4:$F$297,"lost")=0,0,SUM('My Bets'!$H$4:$H$297)/(SUMIFS('My Bets'!$E$4:$E$297,'My Bets'!$F$4:$F$297,"won")+SUMIFS('My Bets'!$E$4:$E$297,'My Bets'!$F$4:$F$297,"lost"))) -> 0.36880222
A13: Project ledger (model, auto-tracked)
A14: Bankroll (started £100) | B14: =100+SUM('Project Ledger'!J:J) -> 121.42
A15: Open stakes at risk | B15: =SUMIFS('Project Ledger'!H:H,'Project Ledger'!I:I,"open") -> 50.29
A16: Settled bets | B16: =COUNTIF('Project Ledger'!I:I,"won")+COUNTIF('Project Ledger'!I:I,"lost") -> 13
A17: Strike rate | B17: =IF(COUNTIF('Project Ledger'!I:I,"won")+COUNTIF('Project Ledger'!I:I,"lost")=0,0,COUNTIF('Project Ledger'!I:I,"won")/(COUNTIF('Project Ledger'!I:I,"won")+COUNTIF('Project Ledger'!I:I,"lost"))) -> 0.46153846
A18: P&L | B18: =SUM('Project Ledger'!J:J) -> 21.42
A20: Combined
A21: Total P&L | B21: =SUM('My Bets'!$H$4:$H$297)+SUM('Project Ledger'!J:J) -> 38.7242
A22: Total at risk | B22: =SUMIFS('My Bets'!$E$4:$E$297,'My Bets'!$F$4:$F$297,"open")+SUMIFS('Project Ledger'!H:H,'Project Ledger'!I:I,"open") -> 62.13

Sheet My Bets
A1: My Betting Log | G1: Starting bankroll (£): | H1: 41
A2: Each-way bets: enter as two rows like the project ledger — one for the win part, one for the place part at place odds (e.g. 67.0 win / 34.0 place for 1/2 odds). Status: open, won, lost or void.
A3: Date | B3: Event | C3: Selection | D3: Odds | E3: Stake (£) | F3: Status | G3: Returns (£) | H3: P&L (£) | I3: Balance (£) | J3: Notes
A4: 46184 | B4: Mexico/South Africa | C4: Mexico | D4: 2 | E4: 10 | F4: won | G4: =IF($A4="","",IF($F4="won",$E4*$D4,IF($F4="void",$E4,0))) -> 20 | H4: =IF($A4="","",IF(OR($F4="open",$F4=""),0,$G4-$E4)) -> 10 | I4: =IF($A4="","",$H$1+SUM($H$4:$H4)-SUMIFS($E$4:$E4,$F$4:$F4,"open")) -> 51
A5: 46184 | B5: South Korea/Czechia | C5: South Korea | D5: 2.6 | E5: 2.58 | F5: won | G5: =IF($A5="","",IF($F5="won",$E5*$D5,IF($F5="void",$E5,0))) -> 6.708 | H5: =IF($A5="","",IF(OR($F5="open",$F5=""),0,$G5-$E5)) -> 4.128 | I5: =IF($A5="","",$H$1+SUM($H$4:$H5)-SUMIFS($E$4:$E5,$F$4:$F5,"open")) -> 55.128
A6: 46184 | B6: Mexico/South Africa | C6: o2.5 Goals | D6: 2.2 | E6: 2.78 | F6: lost | G6: =IF($A6="","",IF($F6="won",$E6*$D6,IF($F6="void",$E6,0))) -> 0 | H6: =IF($A6="","",IF(OR($F6="open",$F6=""),0,$G6-$E6)) -> -2.78 | I6: =IF($A6="","",$H$1+SUM($H$4:$H6)-SUMIFS($E$4:$E6,$F$4:$F6,"open")) -> 52.348
A7: 46184 | B7: Outright | C7: Argentina | D7: 11 | E7: 2.22 | F7: open | G7: =IF($A7="","",IF($F7="won",$E7*$D7,IF($F7="void",$E7,0))) -> 0 | H7: =IF($A7="","",IF(OR($F7="open",$F7=""),0,$G7-$E7)) -> 0 | I7: =IF($A7="","",$H$1+SUM($H$4:$H7)-SUMIFS($E$4:$E7,$F$4:$F7,"open")) -> 50.128
A8: 46184 | B8: Outright | C8: Mexico | D8: 67 | E8: 0.65 | F8: open | G8: =IF($A8="","",IF($F8="won",$E8*$D8,IF($F8="void",$E8,0))) -> 0 | H8: =IF($A8="","",IF(OR($F8="open",$F8=""),0,$G8-$E8)) -> 0 | I8: =IF($A8="","",$H$1+SUM($H$4:$H8)-SUMIFS($E$4:$E8,$F$4:$F8,"open")) -> 49.478
A9: 46184 | B9: To Reach Final | C9: Mexico | D9: 33.5 | E9: 0.65 | F9: open | G9: =IF($A9="","",IF($F9="won",$E9*$D9,IF($F9="void",$E9,0))) -> 0 | H9: =IF($A9="","",IF(OR($F9="open",$F9=""),0,$G9-$E9)) -> 0 | I9: =IF($A9="","",$H$1+SUM($H$4:$H9)-SUMIFS($E$4:$E9,$F$4:$F9,"open")) -> 48.828
A10: 46185 | B10: USA/Paraguay | C10: Paraguay | D10: 3.8 | E10: 1.64 | F10: lost | G10: =IF($A10="","",IF($F10="won",$E10*$D10,IF($F10="void",$E10,0))) -> 0 | H10: =IF($A10="","",IF(OR($F10="open",$F10=""),0,$G10-$E10)) -> -1.64 | I10: =IF($A10="","",$H$1+SUM($H$4:$H10)-SUMIFS($E$4:$E10,$F$4:$F10,"open")) -> 47.188
A11: 46185 | B11: Canada/Bosnia | C11: Canada | D11: 1.8 | E11: 7.2 | F11: lost | G11: =IF($A11="","",IF($F11="won",$E11*$D11,IF($F11="void",$E11,0))) -> 0 | H11: =IF($A11="","",IF(OR($F11="open",$F11=""),0,$G11-$E11)) -> -7.2 | I11: =IF($A11="","",$H$1+SUM($H$4:$H11)-SUMIFS($E$4:$E11,$F$4:$F11,"open")) -> 39.988
A12: 46186 | B12: Qatar/Switzerland | C12: Switzerland | D12: 1.17 | E12: 3 | F12: lost | G12: =IF($A12="","",IF($F12="won",$E12*$D12,IF($F12="void",$E12,0))) -> 0 | H12: =IF($A12="","",IF(OR($F12="open",$F12=""),0,$G12-$E12)) -> -3 | I12: =IF($A12="","",$H$1+SUM($H$4:$H12)-SUMIFS($E$4:$E12,$F$4:$F12,"open")) -> 36.988
A13: 46187 | B13: Australia/Turkiye | C13: Australia | D13: 5 | E13: 5.68 | F13: won | G13: =IF($A13="","",IF($F13="won",$E13*$D13,IF($F13="void",$E13,0))) -> 28.4 | H13: =IF($A13="","",IF(OR($F13="open",$F13=""),0,$G13-$E13)) -> 22.72 | I13: =IF($A13="","",$H$1+SUM($H$4:$H13)-SUMIFS($E$4:$E13,$F$4:$F13,"open")) -> 59.708
A14: 46187 | B14: Netherlands/Japan | C14: Japan | D14: 3.6 | E14: 3.53 | F14: lost | G14: =IF($A14="","",IF($F14="won",$E14*$D14,IF($F14="void",$E14,0))) -> 0 | H14: =IF($A14="","",IF(OR($F14="open",$F14=""),0,$G14-$E14)) -> -3.53 | I14: =IF($A14="","",$H$1+SUM($H$4:$H14)-SUMIFS($E$4:$E14,$F$4:$F14,"open")) -> 56.178
A15: 46187 | B15: Ivory Coast/Ecuador | C15: Ecuador | D15: 2.3 | E15: 3.3 | F15: lost | G15: =IF($A15="","",IF($F15="won",$E15*$D15,IF($F15="void",$E15,0))) -> 0 | H15: =IF($A15="","",IF(OR($F15="open",$F15=""),0,$G15-$E15)) -> -3.3 | I15: =IF($A15="","",$H$1+SUM($H$4:$H15)-SUMIFS($E$4:$E15,$F$4:$F15,"open")) -> 52.878
... A24: 46188 | B24: Saudi Arabia/Uruguay | C24: Uruguay & u2.5 goals | D24: 2.74 | E24: 2.71 | F24: open | G24: =IF($A24="","",IF($F24="won",$E24*$D24,IF($F24="void",$E24,0))) -> 0 | H24: =IF($A24="","",IF(OR($F24="open",$F24=""),0,$G24-$E24)) -> 0 | I24: =IF($A24="","",$H$1+SUM($H$4:$H24)-SUMIFS($E$4:$E24,$F$4:$F24,"open")) -> 46.4642
G25: =IF($A25="","",IF($F25="won",$E25*$D25,IF($F25="void",$E25,0))) | H25: =IF($A25="","",IF(OR($F25="open",$F25=""),0,$G25-$E25)) | I25: =IF($A25="","",$H$1+SUM($H$4:$H25)-SUMIFS($E$4:$E25,$F$4:$F25,"open"))
G26: =IF($A26="","",IF($F26="won",$E26*$D26,IF($F26="void",$E26,0))) | H26: =IF($A26="","",IF(OR($F26="open",$F26=""),0,$G26-$E26)) | I26: =IF($A26="","",$H$1+SUM($H$4:$H26)-SUMIFS($E$4:$E26,$F$4:$F26,"open"))
G27: =IF($A27="","",IF($F27="won",$E27*$D27,IF($F27="void",$E27,0))) | H27: =IF($A27="","",IF(OR($F27="open",$F27=""),0,$G27-$E27)) | I27: =IF($A27="","",$H$1+SUM($H$4:$H27)-SUMIFS($E$4:$E27,$F$4:$F27,"open"))
G28: =IF($A28="","",IF($F28="won",$E28*$D28,IF($F28="void",$E28,0))) | H28: =IF($A28="","",IF(OR($F28="open",$F28=""),0,$G28-$E28)) | I28: =IF($A28="","",$H$1+SUM($H$4:$H28)-SUMIFS($E$4:$E28,$F$4:$F28,"open"))
G29: =IF($A29="","",IF($F29="won",$E29*$D29,IF($F29="void",$E29,0))) | H29: =IF($A29="","",IF(OR($F29="open",$F29=""),0,$G29-$E29)) | I29: =IF($A29="","",$H$1+SUM($H$4:$H29)-SUMIFS($E$4:$E29,$F$4:$F29,"open"))
G30: =IF($A30="","",IF($F30="won",$E30*$D30,IF($F30="void",$E30,0))) | H30: =IF($A30="","",IF(OR($F30="open",$F30=""),0,$G30-$E30)) | I30: =IF($A30="","",$H$1+SUM($H$4:$H30)-SUMIFS($E$4:$E30,$F$4:$F30,"open"))
G31: =IF($A31="","",IF($F31="won",$E31*$D31,IF($F31="void",$E31,0))) | H31: =IF($A31="","",IF(OR($F31="open",$F31=""),0,$G31-$E31)) | I31: =IF($A31="","",$H$1+SUM($H$4:$H31)-SUMIFS($E$4:$E31,$F$4:$F31,"open"))
G32: =IF($A32="","",IF($F32="won",$E32*$D32,IF($F32="void",$E32,0))) | H32: =IF($A32="","",IF(OR($F32="open",$F32=""),0,$G32-$E32)) | I32: =IF($A32="","",$H$1+SUM($H$4:$H32)-SUMIFS($E$4:$E32,$F$4:$F32,"open"))
G33: =IF($A33="","",IF($F33="won",$E33*$D33,IF($F33="void",$E33,0))) | H33: =IF($A33="","",IF(OR($F33="open",$F33=""),0,$G33-$E33)) | I33: =IF($A33="","",$H$1+SUM($H$4:$H33)-SUMIFS($E$4:$E33,$F$4:$F33,"open"))
G34: =IF($A34="","",IF($F34="won",$E34*$D34,IF($F34="void",$E34,0))) | H34: =IF($A34="","",IF(OR($F34="open",$F34=""),0,$G34-$E34)) | I34: =IF($A34="","",$H$1+SUM($H$4:$H34)-SUMIFS($E$4:$E34,$F$4:$F34,"open"))
G35: =IF($A35="","",IF($F35="won",$E35*$D35,IF($F35="void",$E35,0))) | H35: =IF($A35="","",IF(OR($F35="open",$F35=""),0,$G35-$E35)) | I35: =IF($A35="","",$H$1+SUM($H$4:$H35)-SUMIFS($E$4:$E35,$F$4:$F35,"open"))
G36: =IF($A36="","",IF($F36="won",$E36*$D36,IF($F36="void",$E36,0))) | H36: =IF($A36="","",IF(OR($F36="open",$F36=""),0,$G36-$E36)) | I36: =IF($A36="","",$H$1+SUM($H$4:$H36)-SUMIFS($E$4:$E36,$F$4:$F36,"open"))
... G297: =IF($A297="","",IF($F297="won",$E297*$D297,IF($F297="void",$E297,0))) | H297: =IF($A297="","",IF(OR($F297="open",$F297=""),0,$G297-$E297)) | I297: =IF($A297="","",$H$1+SUM($H$4:$H297)-SUMIFS($E$4:$E297,$F$4:$F297,"open"))

Sheet Project Ledger
A1: placed_on | B1: match_date | C1: home | D1: away | E1: side | F1: bet | G1: odds | H1: stake | I1: status | J1: pnl | K1: bankroll_after | L1: clv | M1: Auto-refreshed by update.sh — do not edit; add your own bets in 'My Bets'.
A2: 2026-06-11 | B2: 2026-06-11 | C2: South Korea | D2: Czech Republic | E2: home | F2: South Korea win | G2: 2.6 | H2: 2.58 | I2: won | J2: 4.13 | K2: 104.13
A3: 2026-06-11 | B3: 2026-06-11 | C3: Mexico | D3: South Africa | E3: home | F3: Mexico win (SkyBet boost) | G3: 2 | H3: 10 | I3: won | J3: 10 | K3: 114.13
A4: 2026-06-11 | B4: 2026-07-19 | C4: Argentina | D4: —OUTRIGHT— | E4: outright | F4: Argentina to win World Cup | G4: 11 | H4: 2.22 | I4: open | J4: 0
A5: 2026-06-11 | B5: 2026-07-19 | C5: Mexico | D5: —OUTRIGHT— | E5: outright | F5: Mexico to win World Cup (EW win part) | G5: 67 | H5: 0.65 | I5: open | J5: 0
A6: 2026-06-11 | B6: 2026-07-19 | C6: Mexico | D6: —OUTRIGHT— | E6: outright | F6: Mexico top 2 (EW place part, 1/2 odds) | G6: 34 | H6: 0.65 | I6: open | J6: 0
A7: 2026-06-11 | B7: 2026-06-11 | C7: Mexico | D7: South Africa | E7: over25 | F7: Over 2.5 goals | G7: 2.195 | H7: 2.78 | I7: lost | J7: -2.78 | K7: 111.35
A8: 2026-06-12 | B8: 2026-06-12 | C8: Canada | D8: Bosnia and Herzegovina | E8: home | F8: Canada win | G8: 1.83 | H8: 8.44 | I8: lost | J8: -8.44 | K8: 102.91
A9: 2026-06-12 | B9: 2026-06-13 | C9: United States | D9: Paraguay | E9: away | F9: Paraguay win | G9: 4 | H9: 1.64 | I9: lost | J9: -1.64 | K9: 98.25
A10: 2026-06-13 | B10: 2026-06-13 | C10: Australia | D10: Turkey | E10: home | F10: Australia win | G10: 5.25 | H10: 5.68 | I10: won | J10: 24.14 | K10: 122.39
A11: 2026-06-13 | B11: 2026-06-14 | C11: Netherlands | D11: Japan | E11: away | F11: Japan win | G11: 3.8 | H11: 3.53 | I11: lost | J11: -3.53 | K11: 122.73
A12: 2026-06-13 | B12: 2026-06-14 | C12: Ivory Coast | D12: Ecuador | E12: away | F12: Ecuador win | G12: 2.42 | H12: 3.3 | I12: lost | J12: -3.3 | K12: 119.43
A13: 2026-06-13 | B13: 2026-06-13 | C13: Haiti | D13: Scotland | E13: under25 | F13: Under 2.5 goals | G13: 2.27 | H13: 3.05 | I13: won | J13: 3.87 | K13: 126.26
A14: 2026-06-13 | B14: 2026-06-15 | C14: Matt Fitzpatrick | D14: RBC Canadian Open | E14: back | F14: win outright | G14: 47.55 | H14: 1.02 | I14: open | J14: 0 | K14: 101.89
A15: 2026-06-13 | B15: 2026-06-15 | C15: Brooks Koepka | D15: RBC Canadian Open | E15: back | F15: win outright | G15: 14.3 | H15: 1 | I15: open | J15: 0 | K15: 100.89
A16: 2026-06-13 | B16: 2026-06-15 | C16: Robert MacIntyre | D16: RBC Canadian Open | E16: back | F16: win outright | G16: 41.85 | H16: 1 | I16: open | J16: 0 | K16: 99.89
A17: 2026-06-14 | B17: 2026-06-15 | C17: Spain | D17: Cape Verde | E17: home | F17: Spain win | G17: 1.09 | H17: 1.04 | I17: open | J17: 0
A18: 2026-06-14 | B18: 2026-06-14 | C18: Germany | D18: Curaçao | E18: home | F18: Germany win | G18: 1.04 | H18: 0.98 | I18: won | J18: 0.04 | K18: 119.47
A19: 2026-06-14 | B19: 2026-06-14 | C19: Ivory Coast | D19: Ecuador | E19: under25 | F19: Under 2.5 goals | G19: 1.41 | H19: 0.81 | I19: won | J19: 0.33 | K19: 119.8
A20: 2026-06-14 | B20: 2026-06-15 | C20: Saudi Arabia | D20: Uruguay | E20: under25 | F20: Under 2.5 goals | G20: 1.8 | H20: 2.71 | I20: open | J20: 0
A21: 2026-06-14 | B21: 2026-06-15 | C21: Belgium | D21: Egypt | E21: under25 | F21: Under 2.5 goals | G21: 1.87 | H21: 3.04 | I21: open | J21: 0
A22: 2026-06-14 | B22: 2026-06-14 | C22: Sweden | D22: Tunisia | E22: under25 | F22: Under 2.5 goals | G22: 1.7 | H22: 0.73 | I22: lost | J22: -0.73 | K22: 119.07
A23: 2026-06-14 | B23: 2026-06-15 | C23: Iran | D23: New Zealand | E23: under25 | F23: Under 2.5 goals | G23: 1.58 | H23: 0.67 | I23: open | J23: 0
A24: 2026-06-14 | B24: 2026-06-14 | C24: Netherlands | D24: Japan | E24: under25 | F24: Under 2.5 goals | G24: 1.85 | H24: 0.67 | I24: lost | J24: -0.67 | K24: 118.4
A25: 2026-06-14 | B25: 2026-06-15 | C25: Iran | D25: New Zealand | E25: home | F25: Iran win | G25: 1.83 | H25: 0.86 | I25: open | J25: 0
A26: 2026-06-14 | B26: 2026-06-16 | C26: France | D26: Senegal | E26: under25 | F26: Under 2.5 goals | G26: 1.91 | H26: 2.55 | I26: open | J26: 0
A27: 2026-06-14 | B27: 2026-06-16 | C27: Iraq | D27: Norway | E27: under25 | F27: Under 2.5 goals | G27: 2.4 | H27: 7.7 | I27: open | J27: 0
A28: 2026-06-14 | B28: 2026-06-16 | C28: Austria | D28: Jordan | E28: under25 | F28: Under 2.5 goals | G28: 2.2 | H28: 5.08 | I28: open | J28: 0
A29: 2026-06-14 | B29: 2026-06-16 | C29: Argentina | D29: Algeria | E29: under25 | F29: Under 2.5 goals | G29: 1.855 | H29: 0.83 | I29: open | J29: 0
A30: 2026-06-15 | B30: 2026-06-17 | C30: Uzbekistan | D30: Colombia | E30: under25 | F30: Under 2.5 goals | G30: 1.835 | H30: 8.52 | I30: open | J30: 0
A31: 2026-06-15 | B31: 2026-06-17 | C31: England | D31: Croatia | E31: under25 | F31: Under 2.5 goals | G31: 1.705 | H31: 0.63 | I31: open | J31: 0
A32: 2026-06-15 | B32: 2026-06-17 | C32: Portugal | D32: DR Congo | E32: under25 | F32: Under 2.5 goals | G32: 2.14 | H32: 3.55 | I32: open | J32: 0
A33: 2026-06-15 | B33: 2026-06-17 | C33: Ghana | D33: Panama | E33: away | F33: Panama win | G33: 3.47 | H33: 6.57 | I33: open | J33: 0
